{
  "questName": "Desert Treasure",
  "questSteps": [
    {
      "stepDescription": "Talk to Terry Balando in the digsite Exam Centre (Dig Site Pendant is the fastest teleport). (Chat 1)",
      "itemsNeeded": [
        "650 coins",
        "1 charcoal",
        "1 ashes",
        "1 bones",
        "1 blood rune",
        "6 steel bars",
        "12 magic logs",
        "6 molten glass",
        "and one free inventory space.** \nTravel to the Bedabin Camp and talk to Asgarnia Smith nearby (refer to map at current step for quest start location). (Chat 2\u2022\u2713)"
      ],
      "itemsRecommended": [],
      "highlights": {
        "npc": [
          {
            "npcName": "",
            "npcLocation": {
              "lat": 0,
              "lng": 0
            },
            "wanderRadius": {
              "bottomLeft": {
                "lat": 0,
                "lng": 0
              },
              "topRight": {
                "lat": 0,
                "lng": 0
              }
            }
          }
        ],
        "object": [
          {
            "name": "",
            "objectLocation": [
              {
                "lat": 0,
                "lng": 0
              }
            ],
            "objectRadius": {
              "bottomLeft": {
                "lat": 0,
                "lng": 0
              },
              "topRight": {
                "lat": 0,
                "lng": 0
              }
            }
          }
        ]
      },
      "floor": 0,
      "additionalStepInformation": [
        ""
      ]
    },
    {
      "stepDescription": "Talk to him again for the translation.(Chat 1) \nRead the book you just received.",
      "itemsNeeded": [],
      "itemsRecommended": [],
      "highlights": {
        "npc": [
          {
            "npcName": "",
            "npcLocation": {
              "lat": 0,
              "lng": 0
            },
            "wanderRadius": {
              "bottomLeft": {
                "lat": 0,
                "lng": 0
              },
              "topRight": {
                "lat": 0,
                "lng": 0
              }
            }
          }
        ],
        "object": [
          {
            "name": "",
            "objectLocation": [
              {
                "lat": 0,
                "lng": 0
              }
            ],
            "objectRadius": {
              "bottomLeft": {
                "lat": 0,
                "lng": 0
              },
              "topRight": {
                "lat": 0,
                "lng": 0
              }
            }
          }
        ]
      },
      "floor": 0,
      "additionalStepInformation": [
        ""
      ]
    },
    {
      "stepDescription": "Return to Asgarnia Smith. (Chat 2) \nTalk to Asgarnia again and offer to help him. (Chat 1)",
      "itemsNeeded": [],
      "itemsRecommended": [],
      "highlights": {
        "npc": [
          {
            "npcName": "",
            "npcLocation": {
              "lat": 0,
              "lng": 0
            },
            "wanderRadius": {
              "bottomLeft": {
                "lat": 0,
                "lng": 0
              },
              "topRight": {
                "lat": 0,
                "lng": 0
              }
            }
          }
        ],
        "object": [
          {
            "name": "",
            "objectLocation": [
              {
                "lat": 0,
                "lng": 0
              }
            ],
            "objectRadius": {
              "bottomLeft": {
                "lat": 0,
                "lng": 0
              },
              "topRight": {
                "lat": 0,
                "lng": 0
              }
            }
          }
        ]
      },
      "floor": 0,
      "additionalStepInformation": [
        ""
      ]
    },
    {
      "stepDescription": "Run south to the Bandit Camp Pub. \nIf you are wearing any sort of Zamorak or Saradomin outfit the bandits will attack you.",
      "itemsNeeded": [],
      "itemsRecommended": [],
      "highlights": {
        "npc": [
          {
            "npcName": "",
            "npcLocation": {
              "lat": 0,
              "lng": 0
            },
            "wanderRadius": {
              "bottomLeft": {
                "lat": 0,
                "lng": 0
              },
              "topRight": {
                "lat": 0,
                "lng": 0
              }
            }
          }
        ],
        "object": [
          {
            "name": "",
            "objectLocation": [
              {
                "lat": 0,
                "lng": 0
              }
            ],
            "objectRadius": {
              "bottomLeft": {
                "lat": 0,
                "lng": 0
              },
              "topRight": {
                "lat": 0,
                "lng": 0
              }
            }
          }
        ]
      },
      "floor": 0,
      "additionalStepInformation": [
        ""
      ]
    },
    {
      "stepDescription": "Talk to the bartender at the pub for a beer. (Chat 2\u20221), then talk to the bartender about four diamonds. (Chat 2)",
      "itemsNeeded": [],
      "itemsRecommended": [],
      "highlights": {
        "npc": [
          {
            "npcName": "",
            "npcLocation": {
              "lat": 0,
              "lng": 0
            },
            "wanderRadius": {
              "bottomLeft": {
                "lat": 0,
                "lng": 0
              },
              "topRight": {
                "lat": 0,
                "lng": 0
              }
            }
          }
        ],
        "object": [
          {
            "name": "",
            "objectLocation": [
              {
                "lat": 0,
                "lng": 0
              }
            ],
            "objectRadius": {
              "bottomLeft": {
                "lat": 0,
                "lng": 0
              },
              "topRight": {
                "lat": 0,
                "lng": 0
              }
            }
          }
        ]
      },
      "floor": 0,
      "additionalStepInformation": [
        ""
      ]
    },
    {
      "stepDescription": "** IMPORTANT NOTE ABOUT THE DIAMONDS ** Do not hold any of the diamonds in your inventory until the end of the quest as a Stranger who can deal considerable damage to you can spawn.",
      "itemsNeeded": [],
      "itemsRecommended": [],
      "highlights": {
        "npc": [
          {
            "npcName": "",
            "npcLocation": {
              "lat": 0,
              "lng": 0
            },
            "wanderRadius": {
              "bottomLeft": {
                "lat": 0,
                "lng": 0
              },
              "topRight": {
                "lat": 0,
                "lng": 0
              }
            }
          }
        ],
        "object": [
          {
            "name": "",
            "objectLocation": [
              {
                "lat": 0,
                "lng": 0
              }
            ],
            "objectRadius": {
              "bottomLeft": {
                "lat": 0,
                "lng": 0
              },
              "topRight": {
                "lat": 0,
                "lng": 0
              }
            }
          }
        ]
      },
      "floor": 0,
      "additionalStepInformation": [
        ""
      ]
    },
    {
      "stepDescription": "Take off any Zamorak or Saradomin clothing then talk to Eblis, by or in the eastern-most building of the Bandit Camp. (Chat 2\u20224\u20221\u20221)",
      "itemsNeeded": [],
      "itemsRecommended": [],
      "highlights": {
        "npc": [
          {
            "npcName": "",
            "npcLocation": {
              "lat": 0,
              "lng": 0
            },
            "wanderRadius": {
              "bottomLeft": {
                "lat": 0,
                "lng": 0
              },
              "topRight": {
                "lat": 0,
                "lng": 0
              }
            }
          }
        ],
        "object": [
          {
            "name": "",
            "objectLocation": [
              {
                "lat": 0,
                "lng": 0
              }
            ],
            "objectRadius": {
              "bottomLeft": {
                "lat": 0,
                "lng": 0
              },
              "topRight": {
                "lat": 0,
                "lng": 0
              }
            }
          }
        ]
      },
      "floor": 0,
      "additionalStepInformation": [
        ""
      ]
    },
    {
      "stepDescription": "Use all the items on Eblis, then talk to him again.",
      "itemsNeeded": [],
      "itemsRecommended": [],
      "highlights": {
        "npc": [
          {
            "npcName": "",
            "npcLocation": {
              "lat": 0,
              "lng": 0
            },
            "wanderRadius": {
              "bottomLeft": {
                "lat": 0,
                "lng": 0
              },
              "topRight": {
                "lat": 0,
                "lng": 0
              }
            }
          }
        ],
        "object": [
          {
            "name": "",
            "objectLocation": [
              {
                "lat": 0,
                "lng": 0
              }
            ],
            "objectRadius": {
              "bottomLeft": {
                "lat": 0,
                "lng": 0
              },
              "topRight": {
                "lat": 0,
                "lng": 0
              }
            }
          }
        ]
      },
      "floor": 0,
      "additionalStepInformation": [
        ""
      ]
    },
    {
      "stepDescription": "Run south-east, and talk to Eblis by the Bandit Camp lodestone.",
      "itemsNeeded": [],
      "itemsRecommended": [],
      "highlights": {
        "npc": [
          {
            "npcName": "",
            "npcLocation": {
              "lat": 0,
              "lng": 0
            },
            "wanderRadius": {
              "bottomLeft": {
                "lat": 0,
                "lng": 0
              },
              "topRight": {
                "lat": 0,
                "lng": 0
              }
            }
          }
        ],
        "object": [
          {
            "name": "",
            "objectLocation": [
              {
                "lat": 0,
                "lng": 0
              }
            ],
            "objectRadius": {
              "bottomLeft": {
                "lat": 0,
                "lng": 0
              },
              "topRight": {
                "lat": 0,
                "lng": 0
              }
            }
          }
        ]
      },
      "floor": 0,
      "additionalStepInformation": [
        ""
      ]
    },
    {
      "stepDescription": "Talk to Ruantun in the Draynor Sewers for a Silver pot",
      "itemsNeeded": [
        "Garlic",
        "silver bar",
        "spice",
        "food",
        "air spells if using magic** \nEnter the pub in Canifis. After a short cut scene",
        "talk to Malak. (Chat 5\u20221\u20223\u20223)"
      ],
      "itemsRecommended": [],
      "highlights": {
        "npc": [
          {
            "npcName": "",
            "npcLocation": {
              "lat": 0,
              "lng": 0
            },
            "wanderRadius": {
              "bottomLeft": {
                "lat": 0,
                "lng": 0
              },
              "topRight": {
                "lat": 0,
                "lng": 0
              }
            }
          }
        ],
        "object": [
          {
            "name": "",
            "objectLocation": [
              {
                "lat": 0,
                "lng": 0
              }
            ],
            "objectRadius": {
              "bottomLeft": {
                "lat": 0,
                "lng": 0
              },
              "topRight": {
                "lat": 0,
                "lng": 0
              }
            }
          }
        ]
      },
      "floor": 0,
      "additionalStepInformation": [
        ""
      ]
    },
    {
      "stepDescription": "Take the pot to the High Priest on Entrana for a Blessed pot.",
      "itemsNeeded": [],
      "itemsRecommended": [],
      "highlights": {
        "npc": [
          {
            "npcName": "",
            "npcLocation": {
              "lat": 0,
              "lng": 0
            },
            "wanderRadius": {
              "bottomLeft": {
                "lat": 0,
                "lng": 0
              },
              "topRight": {
                "lat": 0,
                "lng": 0
              }
            }
          }
        ],
        "object": [
          {
            "name": "",
            "objectLocation": [
              {
                "lat": 0,
                "lng": 0
              }
            ],
            "objectRadius": {
              "bottomLeft": {
                "lat": 0,
                "lng": 0
              },
              "topRight": {
                "lat": 0,
                "lng": 0
              }
            }
          }
        ]
      },
      "floor": 0,
      "additionalStepInformation": [
        ""
      ]
    },
    {
      "stepDescription": "Return to Malak in Canifis and speak to him. He will hit you for 50 damage.",
      "itemsNeeded": [],
      "itemsRecommended": [],
      "highlights": {
        "npc": [
          {
            "npcName": "",
            "npcLocation": {
              "lat": 0,
              "lng": 0
            },
            "wanderRadius": {
              "bottomLeft": {
                "lat": 0,
                "lng": 0
              },
              "topRight": {
                "lat": 0,
                "lng": 0
              }
            }
          }
        ],
        "object": [
          {
            "name": "",
            "objectLocation": [
              {
                "lat": 0,
                "lng": 0
              }
            ],
            "objectRadius": {
              "bottomLeft": {
                "lat": 0,
                "lng": 0
              },
              "topRight": {
                "lat": 0,
                "lng": 0
              }
            }
          }
        ]
      },
      "floor": 0,
      "additionalStepInformation": [
        ""
      ]
    },
    {
      "stepDescription": "For this step be CAREFUL to not add the spice first. First Step: Crush the Garlic, Second Step: Use garlic on the blessed pot, Third Step: Add the spice to get a completed Blessed Pot.",
      "itemsNeeded": [],
      "itemsRecommended": [],
      "highlights": {
        "npc": [
          {
            "npcName": "",
            "npcLocation": {
              "lat": 0,
              "lng": 0
            },
            "wanderRadius": {
              "bottomLeft": {
                "lat": 0,
                "lng": 0
              },
              "topRight": {
                "lat": 0,
                "lng": 0
              }
            }
          }
        ],
        "object": [
          {
            "name": "",
            "objectLocation": [
              {
                "lat": 0,
                "lng": 0
              }
            ],
            "objectRadius": {
              "bottomLeft": {
                "lat": 0,
                "lng": 0
              },
              "topRight": {
                "lat": 0,
                "lng": 0
              }
            }
          }
        ]
      },
      "floor": 0,
      "additionalStepInformation": [
        ""
      ]
    },
    {
      "stepDescription": "Prepare for a level 84 boss fight. With level 75 magic and lunar armour you might need one piece of food. If you die, you will have to re-do the previous step.",
      "itemsNeeded": [],
      "itemsRecommended": [],
      "highlights": {
        "npc": [
          {
            "npcName": "",
            "npcLocation": {
              "lat": 0,
              "lng": 0
            },
            "wanderRadius": {
              "bottomLeft": {
                "lat": 0,
                "lng": 0
              },
              "topRight": {
                "lat": 0,
                "lng": 0
              }
            }
          }
        ],
        "object": [
          {
            "name": "",
            "objectLocation": [
              {
                "lat": 0,
                "lng": 0
              }
            ],
            "objectRadius": {
              "bottomLeft": {
                "lat": 0,
                "lng": 0
              },
              "topRight": {
                "lat": 0,
                "lng": 0
              }
            }
          }
        ]
      },
      "floor": 0,
      "additionalStepInformation": [
        ""
      ]
    },
    {
      "stepDescription": "Run south-east to the Graveyard (refer to image at step).",
      "itemsNeeded": [],
      "itemsRecommended": [],
      "highlights": {
        "npc": [
          {
            "npcName": "",
            "npcLocation": {
              "lat": 0,
              "lng": 0
            },
            "wanderRadius": {
              "bottomLeft": {
                "lat": 0,
                "lng": 0
              },
              "topRight": {
                "lat": 0,
                "lng": 0
              }
            }
          }
        ],
        "object": [
          {
            "name": "",
            "objectLocation": [
              {
                "lat": 0,
                "lng": 0
              }
            ],
            "objectRadius": {
              "bottomLeft": {
                "lat": 0,
                "lng": 0
              },
              "topRight": {
                "lat": 0,
                "lng": 0
              }
            }
          }
        ]
      },
      "floor": 0,
      "additionalStepInformation": [
        ""
      ]
    },
    {
      "stepDescription": "Use the pot on the tomb. Then kill Dessous.",
      "itemsNeeded": [],
      "itemsRecommended": [],
      "highlights": {
        "npc": [
          {
            "npcName": "",
            "npcLocation": {
              "lat": 0,
              "lng": 0
            },
            "wanderRadius": {
              "bottomLeft": {
                "lat": 0,
                "lng": 0
              },
              "topRight": {
                "lat": 0,
                "lng": 0
              }
            }
          }
        ],
        "object": [
          {
            "name": "",
            "objectLocation": [
              {
                "lat": 0,
                "lng": 0
              }
            ],
            "objectRadius": {
              "bottomLeft": {
                "lat": 0,
                "lng": 0
              },
              "topRight": {
                "lat": 0,
                "lng": 0
              }
            }
          }
        ]
      },
      "floor": 0,
      "additionalStepInformation": [
        ""
      ]
    },
    {
      "stepDescription": "Return to Canifis and speak to Malak Again for a Blood Diamond",
      "itemsNeeded": [],
      "itemsRecommended": [],
      "highlights": {
        "npc": [
          {
            "npcName": "",
            "npcLocation": {
              "lat": 0,
              "lng": 0
            },
            "wanderRadius": {
              "bottomLeft": {
                "lat": 0,
                "lng": 0
              },
              "topRight": {
                "lat": 0,
                "lng": 0
              }
            }
          }
        ],
        "object": [
          {
            "name": "",
            "objectLocation": [
              {
                "lat": 0,
                "lng": 0
              }
            ],
            "objectRadius": {
              "bottomLeft": {
                "lat": 0,
                "lng": 0
              },
              "topRight": {
                "lat": 0,
                "lng": 0
              }
            }
          }
        ]
      },
      "floor": 0,
      "additionalStepInformation": [
        ""
      ]
    },
    {
      "stepDescription": "Get Spiked or Climbing Boots to Climb Rock Barriers (refer to image at step for Route Reference) or If Trollheim teleport is unlocked take the path that leads North-East to the snow area.",
      "itemsNeeded": [
        "A cake or a chocolate bar",
        "spiked boots",
        "climbing boots (unless you've completed Eadgar's Ruse)",
        "restore potion or super restore potions",
        "5-10 pieces of food",
        "fire runes to kill Kamil and to melt the ice blocks** \nPrepare for combat by getting plenty of food",
        "a few super restore and super energy potions (even at max combat)",
        "and get magic items for Fire Spells."
      ],
      "itemsRecommended": [],
      "highlights": {
        "npc": [
          {
            "npcName": "",
            "npcLocation": {
              "lat": 0,
              "lng": 0
            },
            "wanderRadius": {
              "bottomLeft": {
                "lat": 0,
                "lng": 0
              },
              "topRight": {
                "lat": 0,
                "lng": 0
              }
            }
          }
        ],
        "object": [
          {
            "name": "",
            "objectLocation": [
              {
                "lat": 0,
                "lng": 0
              }
            ],
            "objectRadius": {
              "bottomLeft": {
                "lat": 0,
                "lng": 0
              },
              "topRight": {
                "lat": 0,
                "lng": 0
              }
            }
          }
        ]
      },
      "floor": 0,
      "additionalStepInformation": [
        ""
      ]
    },
    {
      "stepDescription": "Talk to the troll child near the ice gate. He may be difficult to see on high brightness settings, but he stays fixed a few squares west of the gate.",
      "itemsNeeded": [],
      "itemsRecommended": [],
      "highlights": {
        "npc": [
          {
            "npcName": "",
            "npcLocation": {
              "lat": 0,
              "lng": 0
            },
            "wanderRadius": {
              "bottomLeft": {
                "lat": 0,
                "lng": 0
              },
              "topRight": {
                "lat": 0,
                "lng": 0
              }
            }
          }
        ],
        "object": [
          {
            "name": "",
            "objectLocation": [
              {
                "lat": 0,
                "lng": 0
              }
            ],
            "objectRadius": {
              "bottomLeft": {
                "lat": 0,
                "lng": 0
              },
              "topRight": {
                "lat": 0,
                "lng": 0
              }
            }
          }
        ]
      },
      "floor": 0,
      "additionalStepInformation": [
        ""
      ]
    },
    {
      "stepDescription": "Use cake/chocolate on him. Talk again to help him. (Chat 1)",
      "itemsNeeded": [],
      "itemsRecommended": [],
      "highlights": {
        "npc": [
          {
            "npcName": "",
            "npcLocation": {
              "lat": 0,
              "lng": 0
            },
            "wanderRadius": {
              "bottomLeft": {
                "lat": 0,
                "lng": 0
              },
              "topRight": {
                "lat": 0,
                "lng": 0
              }
            }
          }
        ],
        "object": [
          {
            "name": "",
            "objectLocation": [
              {
                "lat": 0,
                "lng": 0
              }
            ],
            "objectRadius": {
              "bottomLeft": {
                "lat": 0,
                "lng": 0
              },
              "topRight": {
                "lat": 0,
                "lng": 0
              }
            }
          }
        ]
      },
      "floor": 0,
      "additionalStepInformation": [
        ""
      ]
    },
    {
      "stepDescription": "Enable Protect from Melee and head east through the ice gate to kill 5 trolls, then travel through the cave entrance to your east and keep running.",
      "itemsNeeded": [],
      "itemsRecommended": [],
      "highlights": {
        "npc": [
          {
            "npcName": "",
            "npcLocation": {
              "lat": 0,
              "lng": 0
            },
            "wanderRadius": {
              "bottomLeft": {
                "lat": 0,
                "lng": 0
              },
              "topRight": {
                "lat": 0,
                "lng": 0
              }
            }
          }
        ],
        "object": [
          {
            "name": "",
            "objectLocation": [
              {
                "lat": 0,
                "lng": 0
              }
            ],
            "objectRadius": {
              "bottomLeft": {
                "lat": 0,
                "lng": 0
              },
              "topRight": {
                "lat": 0,
                "lng": 0
              }
            }
          }
        ]
      },
      "floor": 0,
      "additionalStepInformation": [
        ""
      ]
    },
    {
      "stepDescription": "Kill Kamil when he appears. You must use fire spells if using magic.",
      "itemsNeeded": [],
      "itemsRecommended": [],
      "highlights": {
        "npc": [
          {
            "npcName": "",
            "npcLocation": {
              "lat": 0,
              "lng": 0
            },
            "wanderRadius": {
              "bottomLeft": {
                "lat": 0,
                "lng": 0
              },
              "topRight": {
                "lat": 0,
                "lng": 0
              }
            }
          }
        ],
        "object": [
          {
            "name": "",
            "objectLocation": [
              {
                "lat": 0,
                "lng": 0
              }
            ],
            "objectRadius": {
              "bottomLeft": {
                "lat": 0,
                "lng": 0
              },
              "topRight": {
                "lat": 0,
                "lng": 0
              }
            }
          }
        ]
      },
      "floor": 0,
      "additionalStepInformation": [
        ""
      ]
    },
    {
      "stepDescription": "After you kill Kamil, continue the path to the north and walk to the ice ledge. (You can use Surge)",
      "itemsNeeded": [],
      "itemsRecommended": [],
      "highlights": {
        "npc": [
          {
            "npcName": "",
            "npcLocation": {
              "lat": 0,
              "lng": 0
            },
            "wanderRadius": {
              "bottomLeft": {
                "lat": 0,
                "lng": 0
              },
              "topRight": {
                "lat": 0,
                "lng": 0
              }
            }
          }
        ],
        "object": [
          {
            "name": "",
            "objectLocation": [
              {
                "lat": 0,
                "lng": 0
              }
            ],
            "objectRadius": {
              "bottomLeft": {
                "lat": 0,
                "lng": 0
              },
              "topRight": {
                "lat": 0,
                "lng": 0
              }
            }
          }
        ]
      },
      "floor": 0,
      "additionalStepInformation": [
        ""
      ]
    },
    {
      "stepDescription": "Equip your spiked boots and climb the path to the top.",
      "itemsNeeded": [],
      "itemsRecommended": [],
      "highlights": {
        "npc": [
          {
            "npcName": "",
            "npcLocation": {
              "lat": 0,
              "lng": 0
            },
            "wanderRadius": {
              "bottomLeft": {
                "lat": 0,
                "lng": 0
              },
              "topRight": {
                "lat": 0,
                "lng": 0
              }
            }
          }
        ],
        "object": [
          {
            "name": "",
            "objectLocation": [
              {
                "lat": 0,
                "lng": 0
              }
            ],
            "objectRadius": {
              "bottomLeft": {
                "lat": 0,
                "lng": 0
              },
              "topRight": {
                "lat": 0,
                "lng": 0
              }
            }
          }
        ]
      },
      "floor": 0,
      "additionalStepInformation": [
        ""
      ]
    },
    {
      "stepDescription": "Pass through the ice gate and across the bridge.",
      "itemsNeeded": [],
      "itemsRecommended": [],
      "highlights": {
        "npc": [
          {
            "npcName": "",
            "npcLocation": {
              "lat": 0,
              "lng": 0
            },
            "wanderRadius": {
              "bottomLeft": {
                "lat": 0,
                "lng": 0
              },
              "topRight": {
                "lat": 0,
                "lng": 0
              }
            }
          }
        ],
        "object": [
          {
            "name": "",
            "objectLocation": [
              {
                "lat": 0,
                "lng": 0
              }
            ],
            "objectRadius": {
              "bottomLeft": {
                "lat": 0,
                "lng": 0
              },
              "topRight": {
                "lat": 0,
                "lng": 0
              }
            }
          }
        ]
      },
      "floor": 0,
      "additionalStepInformation": [
        ""
      ]
    },
    {
      "stepDescription": "Break the two ice cubes at the top. Casting a fire spell.",
      "itemsNeeded": [],
      "itemsRecommended": [],
      "highlights": {
        "npc": [
          {
            "npcName": "",
            "npcLocation": {
              "lat": 0,
              "lng": 0
            },
            "wanderRadius": {
              "bottomLeft": {
                "lat": 0,
                "lng": 0
              },
              "topRight": {
                "lat": 0,
                "lng": 0
              }
            }
          }
        ],
        "object": [
          {
            "name": "",
            "objectLocation": [
              {
                "lat": 0,
                "lng": 0
              }
            ],
            "objectRadius": {
              "bottomLeft": {
                "lat": 0,
                "lng": 0
              },
              "topRight": {
                "lat": 0,
                "lng": 0
              }
            }
          }
        ]
      },
      "floor": 0,
      "additionalStepInformation": [
        ""
      ]
    },
    {
      "stepDescription": "Talk to the trolls, the child will give you the Ice diamond.",
      "itemsNeeded": [],
      "itemsRecommended": [],
      "highlights": {
        "npc": [
          {
            "npcName": "",
            "npcLocation": {
              "lat": 0,
              "lng": 0
            },
            "wanderRadius": {
              "bottomLeft": {
                "lat": 0,
                "lng": 0
              },
              "topRight": {
                "lat": 0,
                "lng": 0
              }
            }
          }
        ],
        "object": [
          {
            "name": "",
            "objectLocation": [
              {
                "lat": 0,
                "lng": 0
              }
            ],
            "objectRadius": {
              "bottomLeft": {
                "lat": 0,
                "lng": 0
              },
              "topRight": {
                "lat": 0,
                "lng": 0
              }
            }
          }
        ]
      },
      "floor": 0,
      "additionalStepInformation": [
        ""
      ]
    },
    {
      "stepDescription": "If Smoking Kills is complete the dungeon can be entered from the Pollnivneach well and through the Dark stairs to the west. \nOtherwise the player can enter the Smokey Well which is located west of Pollnivneach. (refer to image at step for smokey well location)",
      "itemsNeeded": [
        "Face mask or slayer helmet",
        "ice gloves** \nPrepare for combat by bringing plenty of food",
        "few super energy potions",
        "melee gear",
        "or water spells if using magic",
        "or ice arrows if using ranged. Once prepared \ntravel to Pollnivneach."
      ],
      "itemsRecommended": [],
      "highlights": {
        "npc": [
          {
            "npcName": "",
            "npcLocation": {
              "lat": 0,
              "lng": 0
            },
            "wanderRadius": {
              "bottomLeft": {
                "lat": 0,
                "lng": 0
              },
              "topRight": {
                "lat": 0,
                "lng": 0
              }
            }
          }
        ],
        "object": [
          {
            "name": "",
            "objectLocation": [
              {
                "lat": 0,
                "lng": 0
              }
            ],
            "objectRadius": {
              "bottomLeft": {
                "lat": 0,
                "lng": 0
              },
              "topRight": {
                "lat": 0,
                "lng": 0
              }
            }
          }
        ]
      },
      "floor": 0,
      "additionalStepInformation": [
        ""
      ]
    },
    {
      "stepDescription": "(Dungeon map at step) Once in the Dungeon there will be torches that need to be lit in each corner of the dungeon. Once a torch is lit quickly light the other torches in all corners as quick a possible. Once all torches are lit head to the center to open the chest to receive a Warm Key.",
      "itemsNeeded": [],
      "itemsRecommended": [],
      "highlights": {
        "npc": [
          {
            "npcName": "",
            "npcLocation": {
              "lat": 0,
              "lng": 0
            },
            "wanderRadius": {
              "bottomLeft": {
                "lat": 0,
                "lng": 0
              },
              "topRight": {
                "lat": 0,
                "lng": 0
              }
            }
          }
        ],
        "object": [
          {
            "name": "",
            "objectLocation": [
              {
                "lat": 0,
                "lng": 0
              }
            ],
            "objectRadius": {
              "bottomLeft": {
                "lat": 0,
                "lng": 0
              },
              "topRight": {
                "lat": 0,
                "lng": 0
              }
            }
          }
        ]
      },
      "floor": 0,
      "additionalStepInformation": [
        ""
      ]
    },
    {
      "stepDescription": "With the warm key, open the gate on the eastern side of the dungeon. Read the next step before entering.",
      "itemsNeeded": [],
      "itemsRecommended": [],
      "highlights": {
        "npc": [
          {
            "npcName": "",
            "npcLocation": {
              "lat": 0,
              "lng": 0
            },
            "wanderRadius": {
              "bottomLeft": {
                "lat": 0,
                "lng": 0
              },
              "topRight": {
                "lat": 0,
                "lng": 0
              }
            }
          }
        ],
        "object": [
          {
            "name": "",
            "objectLocation": [
              {
                "lat": 0,
                "lng": 0
              }
            ],
            "objectRadius": {
              "bottomLeft": {
                "lat": 0,
                "lng": 0
              },
              "topRight": {
                "lat": 0,
                "lng": 0
              }
            }
          }
        ]
      },
      "floor": 0,
      "additionalStepInformation": [
        ""
      ]
    },
    {
      "stepDescription": "You must use melee, ice arrows, necromancy with conjures, or water spells. \nYou must wear the ice gloves on to wield a weapon while fighting him, including staves and bows. \nDefeat Fareed for the Smoke diamond.",
      "itemsNeeded": [],
      "itemsRecommended": [],
      "highlights": {
        "npc": [
          {
            "npcName": "",
            "npcLocation": {
              "lat": 0,
              "lng": 0
            },
            "wanderRadius": {
              "bottomLeft": {
                "lat": 0,
                "lng": 0
              },
              "topRight": {
                "lat": 0,
                "lng": 0
              }
            }
          }
        ],
        "object": [
          {
            "name": "",
            "objectLocation": [
              {
                "lat": 0,
                "lng": 0
              }
            ],
            "objectRadius": {
              "bottomLeft": {
                "lat": 0,
                "lng": 0
              },
              "topRight": {
                "lat": 0,
                "lng": 0
              }
            }
          }
        ]
      },
      "floor": 0,
      "additionalStepInformation": [
        ""
      ]
    },
    {
      "stepDescription": "Hair clips are very useful here, as you can reclaim them from Merlin for free but requires Kings Ransom, you could also steal from the level 54 Bandits around the camp to get lock picks and antipoison. \nOnce you figure out the Lockpick situation head back to the Bandit Camp. (Refer to image at next step)",
      "itemsNeeded": [
        "A few antipoisons",
        "lots of lockpicks",
        "earth spells if using magic. Once prepared go talk\nto Rasolo (Chat 3\u20221) (Refer to image at step for Rasolo's location)."
      ],
      "itemsRecommended": [],
      "highlights": {
        "npc": [
          {
            "npcName": "",
            "npcLocation": {
              "lat": 0,
              "lng": 0
            },
            "wanderRadius": {
              "bottomLeft": {
                "lat": 0,
                "lng": 0
              },
              "topRight": {
                "lat": 0,
                "lng": 0
              }
            }
          }
        ],
        "object": [
          {
            "name": "",
            "objectLocation": [
              {
                "lat": 0,
                "lng": 0
              }
            ],
            "objectRadius": {
              "bottomLeft": {
                "lat": 0,
                "lng": 0
              },
              "topRight": {
                "lat": 0,
                "lng": 0
              }
            }
          }
        ]
      },
      "floor": 0,
      "additionalStepInformation": [
        ""
      ]
    },
    {
      "stepDescription": "Unlock the secure chest in the southern-most tent. (Alot of lockpicks Possibly consumed unless you have a Master Thief Lockpick)",
      "itemsNeeded": [],
      "itemsRecommended": [],
      "highlights": {
        "npc": [
          {
            "npcName": "",
            "npcLocation": {
              "lat": 0,
              "lng": 0
            },
            "wanderRadius": {
              "bottomLeft": {
                "lat": 0,
                "lng": 0
              },
              "topRight": {
                "lat": 0,
                "lng": 0
              }
            }
          }
        ],
        "object": [
          {
            "name": "",
            "objectLocation": [
              {
                "lat": 0,
                "lng": 0
              }
            ],
            "objectRadius": {
              "bottomLeft": {
                "lat": 0,
                "lng": 0
              },
              "topRight": {
                "lat": 0,
                "lng": 0
              }
            }
          }
        ]
      },
      "floor": 0,
      "additionalStepInformation": [
        ""
      ]
    },
    {
      "stepDescription": "Prepare for combat before returning the cross to Rasolo who will give you a ring of visibility\nEquip the ring, run east into the triangular fenced area nearby and down the ladder.",
      "itemsNeeded": [],
      "itemsRecommended": [],
      "highlights": {
        "npc": [
          {
            "npcName": "",
            "npcLocation": {
              "lat": 0,
              "lng": 0
            },
            "wanderRadius": {
              "bottomLeft": {
                "lat": 0,
                "lng": 0
              },
              "topRight": {
                "lat": 0,
                "lng": 0
              }
            }
          }
        ],
        "object": [
          {
            "name": "",
            "objectLocation": [
              {
                "lat": 0,
                "lng": 0
              }
            ],
            "objectRadius": {
              "bottomLeft": {
                "lat": 0,
                "lng": 0
              },
              "topRight": {
                "lat": 0,
                "lng": 0
              }
            }
          }
        ]
      },
      "floor": 0,
      "additionalStepInformation": [
        ""
      ]
    },
    {
      "stepDescription": "Run east to Damis and kill him in both phases for the Shadow diamond. (refer to map at step for route and Safe Spot)\nIf Damis despawns, run a small distance back from where you came, then run back.",
      "itemsNeeded": [],
      "itemsRecommended": [],
      "highlights": {
        "npc": [
          {
            "npcName": "",
            "npcLocation": {
              "lat": 0,
              "lng": 0
            },
            "wanderRadius": {
              "bottomLeft": {
                "lat": 0,
                "lng": 0
              },
              "topRight": {
                "lat": 0,
                "lng": 0
              }
            }
          }
        ],
        "object": [
          {
            "name": "",
            "objectLocation": [
              {
                "lat": 0,
                "lng": 0
              }
            ],
            "objectRadius": {
              "bottomLeft": {
                "lat": 0,
                "lng": 0
              },
              "topRight": {
                "lat": 0,
                "lng": 0
              }
            }
          }
        ]
      },
      "floor": 0,
      "additionalStepInformation": [
        ""
      ]
    },
    {
      "stepDescription": "Return to the Bedabin Camp, and head directly south of Eblis to the pyramid with all Diamonds in the Inventory.",
      "itemsNeeded": [
        "All 4 diamonds",
        "weapon** \n**"
      ],
      "itemsRecommended": [
        "Energy potions",
        "weight-reducing equipment",
        "antipoison** \nDo not bring any food or combat gear BUT DONT FORGET A WEAPON (make sure your weight is less than 5 kg or you'll keep failing traps). \nBoots of lightness and any other weight reducing equipment helps."
      ],
      "highlights": {
        "npc": [
          {
            "npcName": "",
            "npcLocation": {
              "lat": 0,
              "lng": 0
            },
            "wanderRadius": {
              "bottomLeft": {
                "lat": 0,
                "lng": 0
              },
              "topRight": {
                "lat": 0,
                "lng": 0
              }
            }
          }
        ],
        "object": [
          {
            "name": "",
            "objectLocation": [
              {
                "lat": 0,
                "lng": 0
              }
            ],
            "objectRadius": {
              "bottomLeft": {
                "lat": 0,
                "lng": 0
              },
              "topRight": {
                "lat": 0,
                "lng": 0
              }
            }
          }
        ]
      },
      "floor": 0,
      "additionalStepInformation": [
        ""
      ]
    },
    {
      "stepDescription": "Use the diamonds on the obelisks surrounding the pyramid. \nBlood diamond in the north-west obelisk. \nShadow diamond in the south-west obelisk. \nIce diamond in the south-east obelisk. \nSmoke diamond in the north-east obelisk. \nClimb down the ladder at the top of the pyramid.",
      "itemsNeeded": [],
      "itemsRecommended": [],
      "highlights": {
        "npc": [
          {
            "npcName": "",
            "npcLocation": {
              "lat": 0,
              "lng": 0
            },
            "wanderRadius": {
              "bottomLeft": {
                "lat": 0,
                "lng": 0
              },
              "topRight": {
                "lat": 0,
                "lng": 0
              }
            }
          }
        ],
        "object": [
          {
            "name": "",
            "objectLocation": [
              {
                "lat": 0,
                "lng": 0
              }
            ],
            "objectRadius": {
              "bottomLeft": {
                "lat": 0,
                "lng": 0
              },
              "topRight": {
                "lat": 0,
                "lng": 0
              }
            }
          }
        ]
      },
      "floor": 0,
      "additionalStepInformation": [
        ""
      ]
    },
    {
      "stepDescription": "Run through the pyramid using the maps (refer to image's at this step). Don't stand still, or you may be transported back to the start. Also \nthere's a possibility that scarabs spawn in Azzanadra's room so... hopefully you brought a weapon, antipoison, and some more food just in case.",
      "itemsNeeded": [],
      "itemsRecommended": [],
      "highlights": {
        "npc": [
          {
            "npcName": "",
            "npcLocation": {
              "lat": 0,
              "lng": 0
            },
            "wanderRadius": {
              "bottomLeft": {
                "lat": 0,
                "lng": 0
              },
              "topRight": {
                "lat": 0,
                "lng": 0
              }
            }
          }
        ],
        "object": [
          {
            "name": "",
            "objectLocation": [
              {
                "lat": 0,
                "lng": 0
              }
            ],
            "objectRadius": {
              "bottomLeft": {
                "lat": 0,
                "lng": 0
              },
              "topRight": {
                "lat": 0,
                "lng": 0
              }
            }
          }
        ]
      },
      "floor": 0,
      "additionalStepInformation": [
        ""
      ]
    },
    {
      "stepDescription": "Talk to Azzanadra.",
      "itemsNeeded": [],
      "itemsRecommended": [],
      "highlights": {
        "npc": [
          {
            "npcName": "",
            "npcLocation": {
              "lat": 0,
              "lng": 0
            },
            "wanderRadius": {
              "bottomLeft": {
                "lat": 0,
                "lng": 0
              },
              "topRight": {
                "lat": 0,
                "lng": 0
              }
            }
          }
        ],
        "object": [
          {
            "name": "",
            "objectLocation": [
              {
                "lat": 0,
                "lng": 0
              }
            ],
            "objectRadius": {
              "bottomLeft": {
                "lat": 0,
                "lng": 0
              },
              "topRight": {
                "lat": 0,
                "lng": 0
              }
            }
          }
        ]
      },
      "floor": 0,
      "additionalStepInformation": [
        ""
      ]
    },
    {
      "stepDescription": "Quest complete!",
      "itemsNeeded": [],
      "itemsRecommended": [],
      "highlights": {
        "npc": [
          {
            "npcName": "",
            "npcLocation": {
              "lat": 0,
              "lng": 0
            },
            "wanderRadius": {
              "bottomLeft": {
                "lat": 0,
                "lng": 0
              },
              "topRight": {
                "lat": 0,
                "lng": 0
              }
            }
          }
        ],
        "object": [
          {
            "name": "",
            "objectLocation": [
              {
                "lat": 0,
                "lng": 0
              }
            ],
            "objectRadius": {
              "bottomLeft": {
                "lat": 0,
                "lng": 0
              },
              "topRight": {
                "lat": 0,
                "lng": 0
              }
            }
          }
        ]
      },
      "floor": 0,
      "additionalStepInformation": [
        ""
      ]
    }
  ]
}