{
  "questName": "Wandering Gaal (miniquest)",
  "questSteps": [
    {
      "stepDescription": "Items required\tItems from the tool belt are not listed unless they do not work or are not automatically added. The items listed below are not consumed during the miniquest. Ring of stone, Ring of visibility (The Gift from Sliske will not work)",
      "itemsNeeded": [],
      "itemsRecommended": [],
      "highlights": {
        "npc": [
          {
            "npcName": "",
            "npcLocation": {
              "lat": 0,
              "lng": 0
            },
            "wanderRadius": {
              "bottomLeft": {
                "lat": 0,
                "lng": 0
              },
              "topRight": {
                "lat": 0,
                "lng": 0
              }
            }
          }
        ],
        "object": [
          {
            "name": "",
            "objectLocation": [
              {
                "lat": 0,
                "lng": 0
              }
            ],
            "objectRadius": {
              "bottomLeft": {
                "lat": 0,
                "lng": 0
              },
              "topRight": {
                "lat": 0,
                "lng": 0
              }
            }
          }
        ]
      },
      "floor": 0,
      "additionalStepInformation": [
        ""
      ]
    },
    {
      "stepDescription": "Use a ring of visibility on a ring of stone anywhere outside of the TzHaar City.",
      "itemsNeeded": [],
      "itemsRecommended": [],
      "highlights": {
        "npc": [
          {
            "npcName": "",
            "npcLocation": {
              "lat": 0,
              "lng": 0
            },
            "wanderRadius": {
              "bottomLeft": {
                "lat": 0,
                "lng": 0
              },
              "topRight": {
                "lat": 0,
                "lng": 0
              }
            }
          }
        ],
        "object": [
          {
            "name": "",
            "objectLocation": [
              {
                "lat": 0,
                "lng": 0
              }
            ],
            "objectRadius": {
              "bottomLeft": {
                "lat": 0,
                "lng": 0
              },
              "topRight": {
                "lat": 0,
                "lng": 0
              }
            }
          }
        ]
      },
      "floor": 0,
      "additionalStepInformation": [
        ""
      ]
    },
    {
      "stepDescription": "Talk to TzHaar-Ga'al-Kot. (Chat 3\u20221)",
      "itemsNeeded": [],
      "itemsRecommended": [],
      "highlights": {
        "npc": [
          {
            "npcName": "",
            "npcLocation": {
              "lat": 0,
              "lng": 0
            },
            "wanderRadius": {
              "bottomLeft": {
                "lat": 0,
                "lng": 0
              },
              "topRight": {
                "lat": 0,
                "lng": 0
              }
            }
          }
        ],
        "object": [
          {
            "name": "",
            "objectLocation": [
              {
                "lat": 0,
                "lng": 0
              }
            ],
            "objectRadius": {
              "bottomLeft": {
                "lat": 0,
                "lng": 0
              },
              "topRight": {
                "lat": 0,
                "lng": 0
              }
            }
          }
        ]
      },
      "floor": 0,
      "additionalStepInformation": [
        ""
      ]
    },
    {
      "stepDescription": "Miniquest Complete!",
      "itemsNeeded": [],
      "itemsRecommended": [],
      "highlights": {
        "npc": [
          {
            "npcName": "",
            "npcLocation": {
              "lat": 0,
              "lng": 0
            },
            "wanderRadius": {
              "bottomLeft": {
                "lat": 0,
                "lng": 0
              },
              "topRight": {
                "lat": 0,
                "lng": 0
              }
            }
          }
        ],
        "object": [
          {
            "name": "",
            "objectLocation": [
              {
                "lat": 0,
                "lng": 0
              }
            ],
            "objectRadius": {
              "bottomLeft": {
                "lat": 0,
                "lng": 0
              },
              "topRight": {
                "lat": 0,
                "lng": 0
              }
            }
          }
        ]
      },
      "floor": 0,
      "additionalStepInformation": [
        ""
      ]
    }
  ]
}