{
  "questName": "Horror from the Deep",
  "questSteps": [
    {
      "stepDescription": "Head to the lighthouse north of the Barbarian Outpost and talk to Larrissa. (Chat 1\u20221\u20221\u2022\u2713\u20223)",
      "itemsNeeded": [],
      "itemsRecommended": [
        "Lighthouse Teleport or games necklace"
      ],
      "highlights": {
        "npc": [
          {
            "npcName": "",
            "npcLocation": {
              "lat": 0,
              "lng": 0
            },
            "wanderRadius": {
              "bottomLeft": {
                "lat": 0,
                "lng": 0
              },
              "topRight": {
                "lat": 0,
                "lng": 0
              }
            }
          }
        ],
        "object": [
          {
            "name": "",
            "objectLocation": [
              {
                "lat": 0,
                "lng": 0
              }
            ],
            "objectRadius": {
              "bottomLeft": {
                "lat": 0,
                "lng": 0
              },
              "topRight": {
                "lat": 0,
                "lng": 0
              }
            }
          }
        ]
      },
      "floor": 0,
      "additionalStepInformation": [
        ""
      ]
    },
    {
      "stepDescription": "Go south to the Barbarian Outpost, pick up two planks north of the Agility course.",
      "itemsNeeded": [
        "60 steel nails",
        "2 planks",
        "molten glass",
        "swamp tar",
        "1 free inventory slot"
      ],
      "itemsRecommended": [],
      "highlights": {
        "npc": [
          {
            "npcName": "",
            "npcLocation": {
              "lat": 0,
              "lng": 0
            },
            "wanderRadius": {
              "bottomLeft": {
                "lat": 0,
                "lng": 0
              },
              "topRight": {
                "lat": 0,
                "lng": 0
              }
            }
          }
        ],
        "object": [
          {
            "name": "",
            "objectLocation": [
              {
                "lat": 0,
                "lng": 0
              }
            ],
            "objectRadius": {
              "bottomLeft": {
                "lat": 0,
                "lng": 0
              },
              "topRight": {
                "lat": 0,
                "lng": 0
              }
            }
          }
        ]
      },
      "floor": 0,
      "additionalStepInformation": [
        ""
      ]
    },
    {
      "stepDescription": "Enter through the gate (Bar Crawl miniquest must be done), then go through the Obstacle pipe.",
      "itemsNeeded": [],
      "itemsRecommended": [],
      "highlights": {
        "npc": [
          {
            "npcName": "",
            "npcLocation": {
              "lat": 0,
              "lng": 0
            },
            "wanderRadius": {
              "bottomLeft": {
                "lat": 0,
                "lng": 0
              },
              "topRight": {
                "lat": 0,
                "lng": 0
              }
            }
          }
        ],
        "object": [
          {
            "name": "",
            "objectLocation": [
              {
                "lat": 0,
                "lng": 0
              }
            ],
            "objectRadius": {
              "bottomLeft": {
                "lat": 0,
                "lng": 0
              },
              "topRight": {
                "lat": 0,
                "lng": 0
              }
            }
          }
        ]
      },
      "floor": 0,
      "additionalStepInformation": [
        ""
      ]
    },
    {
      "stepDescription": "Talk to Gunnjorn. (Chat 1) (Make sure to have 1 free inventory slot)",
      "itemsNeeded": [],
      "itemsRecommended": [],
      "highlights": {
        "npc": [
          {
            "npcName": "",
            "npcLocation": {
              "lat": 0,
              "lng": 0
            },
            "wanderRadius": {
              "bottomLeft": {
                "lat": 0,
                "lng": 0
              },
              "topRight": {
                "lat": 0,
                "lng": 0
              }
            }
          }
        ],
        "object": [
          {
            "name": "",
            "objectLocation": [
              {
                "lat": 0,
                "lng": 0
              }
            ],
            "objectRadius": {
              "bottomLeft": {
                "lat": 0,
                "lng": 0
              },
              "topRight": {
                "lat": 0,
                "lng": 0
              }
            }
          }
        ]
      },
      "floor": 0,
      "additionalStepInformation": [
        ""
      ]
    },
    {
      "stepDescription": "Far east of Larissa, go to a broken bridge, just past the crystal tree.",
      "itemsNeeded": [],
      "itemsRecommended": [],
      "highlights": {
        "npc": [
          {
            "npcName": "",
            "npcLocation": {
              "lat": 0,
              "lng": 0
            },
            "wanderRadius": {
              "bottomLeft": {
                "lat": 0,
                "lng": 0
              },
              "topRight": {
                "lat": 0,
                "lng": 0
              }
            }
          }
        ],
        "object": [
          {
            "name": "",
            "objectLocation": [
              {
                "lat": 0,
                "lng": 0
              }
            ],
            "objectRadius": {
              "bottomLeft": {
                "lat": 0,
                "lng": 0
              },
              "topRight": {
                "lat": 0,
                "lng": 0
              }
            }
          }
        ]
      },
      "floor": 0,
      "additionalStepInformation": [
        ""
      ]
    },
    {
      "stepDescription": "Fix the bridge from both sides (you can cross the bridge after the first side is repaired and right-click fix the other side).",
      "itemsNeeded": [],
      "itemsRecommended": [],
      "highlights": {
        "npc": [
          {
            "npcName": "",
            "npcLocation": {
              "lat": 0,
              "lng": 0
            },
            "wanderRadius": {
              "bottomLeft": {
                "lat": 0,
                "lng": 0
              },
              "topRight": {
                "lat": 0,
                "lng": 0
              }
            }
          }
        ],
        "object": [
          {
            "name": "",
            "objectLocation": [
              {
                "lat": 0,
                "lng": 0
              }
            ],
            "objectRadius": {
              "bottomLeft": {
                "lat": 0,
                "lng": 0
              },
              "topRight": {
                "lat": 0,
                "lng": 0
              }
            }
          }
        ]
      },
      "floor": 0,
      "additionalStepInformation": [
        ""
      ]
    },
    {
      "stepDescription": "Talk to Larrissa.",
      "itemsNeeded": [],
      "itemsRecommended": [],
      "highlights": {
        "npc": [
          {
            "npcName": "",
            "npcLocation": {
              "lat": 0,
              "lng": 0
            },
            "wanderRadius": {
              "bottomLeft": {
                "lat": 0,
                "lng": 0
              },
              "topRight": {
                "lat": 0,
                "lng": 0
              }
            }
          }
        ],
        "object": [
          {
            "name": "",
            "objectLocation": [
              {
                "lat": 0,
                "lng": 0
              }
            ],
            "objectRadius": {
              "bottomLeft": {
                "lat": 0,
                "lng": 0
              },
              "topRight": {
                "lat": 0,
                "lng": 0
              }
            }
          }
        ]
      },
      "floor": 0,
      "additionalStepInformation": [
        ""
      ]
    },
    {
      "stepDescription": "Search the northern bookcase on the 2nd floor[US] of the lighthouse (Chat 4).",
      "itemsNeeded": [],
      "itemsRecommended": [],
      "highlights": {
        "npc": [
          {
            "npcName": "",
            "npcLocation": {
              "lat": 0,
              "lng": 0
            },
            "wanderRadius": {
              "bottomLeft": {
                "lat": 0,
                "lng": 0
              },
              "topRight": {
                "lat": 0,
                "lng": 0
              }
            }
          }
        ],
        "object": [
          {
            "name": "",
            "objectLocation": [
              {
                "lat": 0,
                "lng": 0
              }
            ],
            "objectRadius": {
              "bottomLeft": {
                "lat": 0,
                "lng": 0
              },
              "topRight": {
                "lat": 0,
                "lng": 0
              }
            }
          }
        ]
      },
      "floor": 0,
      "additionalStepInformation": [
        ""
      ]
    },
    {
      "stepDescription": "Read the manual and diary.",
      "itemsNeeded": [],
      "itemsRecommended": [],
      "highlights": {
        "npc": [
          {
            "npcName": "",
            "npcLocation": {
              "lat": 0,
              "lng": 0
            },
            "wanderRadius": {
              "bottomLeft": {
                "lat": 0,
                "lng": 0
              },
              "topRight": {
                "lat": 0,
                "lng": 0
              }
            }
          }
        ],
        "object": [
          {
            "name": "",
            "objectLocation": [
              {
                "lat": 0,
                "lng": 0
              }
            ],
            "objectRadius": {
              "bottomLeft": {
                "lat": 0,
                "lng": 0
              },
              "topRight": {
                "lat": 0,
                "lng": 0
              }
            }
          }
        ]
      },
      "floor": 0,
      "additionalStepInformation": [
        ""
      ]
    },
    {
      "stepDescription": "Go to the 3rd floor[US], use molten glass and swamp tar on the lighting mechanism, then repair it.",
      "itemsNeeded": [],
      "itemsRecommended": [],
      "highlights": {
        "npc": [
          {
            "npcName": "",
            "npcLocation": {
              "lat": 0,
              "lng": 0
            },
            "wanderRadius": {
              "bottomLeft": {
                "lat": 0,
                "lng": 0
              },
              "topRight": {
                "lat": 0,
                "lng": 0
              }
            }
          }
        ],
        "object": [
          {
            "name": "",
            "objectLocation": [
              {
                "lat": 0,
                "lng": 0
              }
            ],
            "objectRadius": {
              "bottomLeft": {
                "lat": 0,
                "lng": 0
              },
              "topRight": {
                "lat": 0,
                "lng": 0
              }
            }
          }
        ]
      },
      "floor": 0,
      "additionalStepInformation": [
        ""
      ]
    },
    {
      "stepDescription": "Return to Larrissa (now inside the lighthouse, 1st floor[US]).",
      "itemsNeeded": [],
      "itemsRecommended": [],
      "highlights": {
        "npc": [
          {
            "npcName": "",
            "npcLocation": {
              "lat": 0,
              "lng": 0
            },
            "wanderRadius": {
              "bottomLeft": {
                "lat": 0,
                "lng": 0
              },
              "topRight": {
                "lat": 0,
                "lng": 0
              }
            }
          }
        ],
        "object": [
          {
            "name": "",
            "objectLocation": [
              {
                "lat": 0,
                "lng": 0
              }
            ],
            "objectRadius": {
              "bottomLeft": {
                "lat": 0,
                "lng": 0
              },
              "topRight": {
                "lat": 0,
                "lng": 0
              }
            }
          }
        ]
      },
      "floor": 0,
      "additionalStepInformation": [
        ""
      ]
    },
    {
      "stepDescription": "Climb the iron ladder to go to the lighthouse basement.",
      "itemsNeeded": [
        "fire rune",
        "air rune",
        "water rune",
        "earth rune (a staff will not work for any of these)",
        "any smithable sword",
        "an arrow",
        "combat equipment"
      ],
      "itemsRecommended": [],
      "highlights": {
        "npc": [
          {
            "npcName": "",
            "npcLocation": {
              "lat": 0,
              "lng": 0
            },
            "wanderRadius": {
              "bottomLeft": {
                "lat": 0,
                "lng": 0
              },
              "topRight": {
                "lat": 0,
                "lng": 0
              }
            }
          }
        ],
        "object": [
          {
            "name": "",
            "objectLocation": [
              {
                "lat": 0,
                "lng": 0
              }
            ],
            "objectRadius": {
              "bottomLeft": {
                "lat": 0,
                "lng": 0
              },
              "topRight": {
                "lat": 0,
                "lng": 0
              }
            }
          }
        ]
      },
      "floor": 0,
      "additionalStepInformation": [
        ""
      ]
    },
    {
      "stepDescription": "To open the strange wall, use a fire rune, air rune, water rune, earth rune, a sword, and an arrow on it.",
      "itemsNeeded": [],
      "itemsRecommended": [],
      "highlights": {
        "npc": [
          {
            "npcName": "",
            "npcLocation": {
              "lat": 0,
              "lng": 0
            },
            "wanderRadius": {
              "bottomLeft": {
                "lat": 0,
                "lng": 0
              },
              "topRight": {
                "lat": 0,
                "lng": 0
              }
            }
          }
        ],
        "object": [
          {
            "name": "",
            "objectLocation": [
              {
                "lat": 0,
                "lng": 0
              }
            ],
            "objectRadius": {
              "bottomLeft": {
                "lat": 0,
                "lng": 0
              },
              "topRight": {
                "lat": 0,
                "lng": 0
              }
            }
          }
        ]
      },
      "floor": 0,
      "additionalStepInformation": [
        ""
      ]
    },
    {
      "stepDescription": "Open the eastern strange wall.",
      "itemsNeeded": [],
      "itemsRecommended": [],
      "highlights": {
        "npc": [
          {
            "npcName": "",
            "npcLocation": {
              "lat": 0,
              "lng": 0
            },
            "wanderRadius": {
              "bottomLeft": {
                "lat": 0,
                "lng": 0
              },
              "topRight": {
                "lat": 0,
                "lng": 0
              }
            }
          }
        ],
        "object": [
          {
            "name": "",
            "objectLocation": [
              {
                "lat": 0,
                "lng": 0
              }
            ],
            "objectRadius": {
              "bottomLeft": {
                "lat": 0,
                "lng": 0
              },
              "topRight": {
                "lat": 0,
                "lng": 0
              }
            }
          }
        ]
      },
      "floor": 0,
      "additionalStepInformation": [
        ""
      ]
    },
    {
      "stepDescription": "Go down the ladder and talk to Jossik, kill the Dagannoth, talk to him again and then kill the Dagannoth mother when it appears.",
      "itemsNeeded": [],
      "itemsRecommended": [],
      "highlights": {
        "npc": [
          {
            "npcName": "",
            "npcLocation": {
              "lat": 0,
              "lng": 0
            },
            "wanderRadius": {
              "bottomLeft": {
                "lat": 0,
                "lng": 0
              },
              "topRight": {
                "lat": 0,
                "lng": 0
              }
            }
          }
        ],
        "object": [
          {
            "name": "",
            "objectLocation": [
              {
                "lat": 0,
                "lng": 0
              }
            ],
            "objectRadius": {
              "bottomLeft": {
                "lat": 0,
                "lng": 0
              },
              "topRight": {
                "lat": 0,
                "lng": 0
              }
            }
          }
        ]
      },
      "floor": 0,
      "additionalStepInformation": [
        ""
      ]
    },
    {
      "stepDescription": "Strategies can be found here.",
      "itemsNeeded": [],
      "itemsRecommended": [],
      "highlights": {
        "npc": [
          {
            "npcName": "",
            "npcLocation": {
              "lat": 0,
              "lng": 0
            },
            "wanderRadius": {
              "bottomLeft": {
                "lat": 0,
                "lng": 0
              },
              "topRight": {
                "lat": 0,
                "lng": 0
              }
            }
          }
        ],
        "object": [
          {
            "name": "",
            "objectLocation": [
              {
                "lat": 0,
                "lng": 0
              }
            ],
            "objectRadius": {
              "bottomLeft": {
                "lat": 0,
                "lng": 0
              },
              "topRight": {
                "lat": 0,
                "lng": 0
              }
            }
          }
        ]
      },
      "floor": 0,
      "additionalStepInformation": [
        ""
      ]
    },
    {
      "stepDescription": "The following table shows her weaknesses in different forms:",
      "itemsNeeded": [],
      "itemsRecommended": [],
      "highlights": {
        "npc": [
          {
            "npcName": "",
            "npcLocation": {
              "lat": 0,
              "lng": 0
            },
            "wanderRadius": {
              "bottomLeft": {
                "lat": 0,
                "lng": 0
              },
              "topRight": {
                "lat": 0,
                "lng": 0
              }
            }
          }
        ],
        "object": [
          {
            "name": "",
            "objectLocation": [
              {
                "lat": 0,
                "lng": 0
              }
            ],
            "objectRadius": {
              "bottomLeft": {
                "lat": 0,
                "lng": 0
              },
              "topRight": {
                "lat": 0,
                "lng": 0
              }
            }
          }
        ]
      },
      "floor": 0,
      "additionalStepInformation": [
        ""
      ]
    },
    {
      "stepDescription": "Go to the 2nd floor[US] of the lighthouse.",
      "itemsNeeded": [],
      "itemsRecommended": [],
      "highlights": {
        "npc": [
          {
            "npcName": "",
            "npcLocation": {
              "lat": 0,
              "lng": 0
            },
            "wanderRadius": {
              "bottomLeft": {
                "lat": 0,
                "lng": 0
              },
              "topRight": {
                "lat": 0,
                "lng": 0
              }
            }
          }
        ],
        "object": [
          {
            "name": "",
            "objectLocation": [
              {
                "lat": 0,
                "lng": 0
              }
            ],
            "objectRadius": {
              "bottomLeft": {
                "lat": 0,
                "lng": 0
              },
              "topRight": {
                "lat": 0,
                "lng": 0
              }
            }
          }
        ]
      },
      "floor": 0,
      "additionalStepInformation": [
        ""
      ]
    },
    {
      "stepDescription": "Show the rusty casket to Jossik.",
      "itemsNeeded": [],
      "itemsRecommended": [],
      "highlights": {
        "npc": [
          {
            "npcName": "",
            "npcLocation": {
              "lat": 0,
              "lng": 0
            },
            "wanderRadius": {
              "bottomLeft": {
                "lat": 0,
                "lng": 0
              },
              "topRight": {
                "lat": 0,
                "lng": 0
              }
            }
          }
        ],
        "object": [
          {
            "name": "",
            "objectLocation": [
              {
                "lat": 0,
                "lng": 0
              }
            ],
            "objectRadius": {
              "bottomLeft": {
                "lat": 0,
                "lng": 0
              },
              "topRight": {
                "lat": 0,
                "lng": 0
              }
            }
          }
        ]
      },
      "floor": 0,
      "additionalStepInformation": [
        ""
      ]
    },
    {
      "stepDescription": "If you had a full inventory when defeating the Dagannoth mother, you will not receive a rusty casket. Instead, you must talk to Jossik, who will have picked it up for you.",
      "itemsNeeded": [],
      "itemsRecommended": [],
      "highlights": {
        "npc": [
          {
            "npcName": "",
            "npcLocation": {
              "lat": 0,
              "lng": 0
            },
            "wanderRadius": {
              "bottomLeft": {
                "lat": 0,
                "lng": 0
              },
              "topRight": {
                "lat": 0,
                "lng": 0
              }
            }
          }
        ],
        "object": [
          {
            "name": "",
            "objectLocation": [
              {
                "lat": 0,
                "lng": 0
              }
            ],
            "objectRadius": {
              "bottomLeft": {
                "lat": 0,
                "lng": 0
              },
              "topRight": {
                "lat": 0,
                "lng": 0
              }
            }
          }
        ]
      },
      "floor": 0,
      "additionalStepInformation": [
        ""
      ]
    },
    {
      "stepDescription": "You may now choose a book affiliated with three gods: Saradomin's Book of Wisdom, Guthix's Book of Balance or Zamorak's Book of Chaos.",
      "itemsNeeded": [],
      "itemsRecommended": [],
      "highlights": {
        "npc": [
          {
            "npcName": "",
            "npcLocation": {
              "lat": 0,
              "lng": 0
            },
            "wanderRadius": {
              "bottomLeft": {
                "lat": 0,
                "lng": 0
              },
              "topRight": {
                "lat": 0,
                "lng": 0
              }
            }
          }
        ],
        "object": [
          {
            "name": "",
            "objectLocation": [
              {
                "lat": 0,
                "lng": 0
              }
            ],
            "objectRadius": {
              "bottomLeft": {
                "lat": 0,
                "lng": 0
              },
              "topRight": {
                "lat": 0,
                "lng": 0
              }
            }
          }
        ]
      },
      "floor": 0,
      "additionalStepInformation": [
        ""
      ]
    },
    {
      "stepDescription": "Be sure to choose the same book twice in a row when he asks if you are sure about your selection.",
      "itemsNeeded": [],
      "itemsRecommended": [],
      "highlights": {
        "npc": [
          {
            "npcName": "",
            "npcLocation": {
              "lat": 0,
              "lng": 0
            },
            "wanderRadius": {
              "bottomLeft": {
                "lat": 0,
                "lng": 0
              },
              "topRight": {
                "lat": 0,
                "lng": 0
              }
            }
          }
        ],
        "object": [
          {
            "name": "",
            "objectLocation": [
              {
                "lat": 0,
                "lng": 0
              }
            ],
            "objectRadius": {
              "bottomLeft": {
                "lat": 0,
                "lng": 0
              },
              "topRight": {
                "lat": 0,
                "lng": 0
              }
            }
          }
        ]
      },
      "floor": 0,
      "additionalStepInformation": [
        ""
      ]
    },
    {
      "stepDescription": "Quest complete!",
      "itemsNeeded": [],
      "itemsRecommended": [],
      "highlights": {
        "npc": [
          {
            "npcName": "",
            "npcLocation": {
              "lat": 0,
              "lng": 0
            },
            "wanderRadius": {
              "bottomLeft": {
                "lat": 0,
                "lng": 0
              },
              "topRight": {
                "lat": 0,
                "lng": 0
              }
            }
          }
        ],
        "object": [
          {
            "name": "",
            "objectLocation": [
              {
                "lat": 0,
                "lng": 0
              }
            ],
            "objectRadius": {
              "bottomLeft": {
                "lat": 0,
                "lng": 0
              },
              "topRight": {
                "lat": 0,
                "lng": 0
              }
            }
          }
        ]
      },
      "floor": 0,
      "additionalStepInformation": [
        ""
      ]
    }
  ]
}